{
    "1":"Username",
    "2":"Password",
    "3":"Register here",
    "4":"Forgot Password",
    "5":"Mag Login",
    "6":"Withdraw, send cash and pay your bills anytime, from virtually anywhere!",
    "7":"Don't have an account?",
    "8":"Complete all required fields",
    "9":"save",
    "10":"submit",
    "11":"update",
    "12":"edit",
    "13":"cancel",
    "14":"successful",
    "15":"delete",
    "16":"are you sure",
    "17":"profile",
    "18":"Gumawa ng Account",
    "19":"No Network Connection",
    "20":"Registration",
    "21":"A confirmation message will be sent to your email / SMS after successful reset of password",
    "22":"proceed",
    "23":"contact us",
    "24":"faq",
    "25":"about",
    "26":"information",
    "27":"rate",
    "28":"locator",
    "29":"QR code",
    "30":"present this QR Code to receive Wallet to Wallet",
    "31":"generate",
    "32":"call",
    "33":"email",
    "34":"message",
    "35":"chat",
    "36":"customer hotline toll fee",
    "37":"trunk line",
    "38":"customer care",
    "39":"helpdesk",
    "40":"amount",
    "41":"my QR code",
    "42":"note",
    "43":"this QR code is only used for ML Wallet loading and Cash-Out",
    "44":"present this QR code to any M.Lhuillier branch",
    "45":"Activate Touch ID",
    "46":"change username",
    "47":"Hide",
    "48":"Show",
    "49":"confirm",
    "50":"does not match",
    "51":"must not be the same from old",
    "52":"change account info",
    "53":"change password",
    "54":"Welcome back!",
    "55":"Please login to your account.",
    "56":"change security question",
    "57":"touch id",
    "58":"activate",
    "59":"deactivate",
    "60":"login ML Wallet with Touch ID",
    "61":"use your fingerprint to enable your ML Wallet instead of typing your username and password",
    "62":"Kasunod",
    "63":"thank you for using MLhuillier. this ML Wallet registration will take 4 steps",
    "64":"profile info",
    "65":"one time pin",
    "66":"profile photo & ID",
    "67":"security question",
    "68":"user access & agreement",
    "69":"terms and condition",
    "70":"the easiest way to send and receive money using your mobile phone!",
    "71":"version",
    "72":"Invalid username or password",
    "73":"request code",
    "74":"mobile number",
    "75":"code",
    "76":"enter mobile number to receive a code",
    "77":"enter the code you received via SMS",
    "78":"resend sms",
    "79":"back",
    "80":"answer",
    "81":"reference",
    "82":"account",
    "83":"add to cart",
    "500":"something went wrong"
}